series_id,degree_centrality,betweenness_centrality,closeness_centrality
T10Y2Y,0.8571428571428571,0.0,0.5714285714285714
MORTGAGE30US,0.8571428571428571,0.0,0.5714285714285714
FEDFUNDS,1.0,0.14285714285714285,0.7346938775510203
CPIAUCSL,0.7142857142857142,0.23809523809523808,0.5714285714285714
M2SL,0.0,0.0,0.0
BAMLH0A0HYM2,0.7142857142857142,0.14285714285714285,0.7346938775510203
DGS10,0.5714285714285714,0.0,0.5714285714285714
UNRATE,0.42857142857142855,0.0,0.36734693877551017
